,City,Country,Lat,Lng,Max Temp,Humidity,Cloudiness,Wind Speed,Current Description
0,Kuhdasht,IR,33.535,47.6061,46.27,62,0,2.37,clear sky
1,Kapaa,US,22.0752,-159.319,80.58,74,40,1.01,scattered clouds
2,Kyra,RU,49.5776,111.9753,15.85,78,89,1.5,overcast clouds
3,Mar Del Plata,AR,-38.0023,-57.5575,64.09,70,0,5.99,clear sky
4,Albany,US,42.6001,-73.9662,28.74,62,1,1.99,clear sky
5,Bogale,MM,16.2833,95.4,83.98,73,48,7.0,scattered clouds
6,Ushuaia,AR,-54.8,-68.3,42.46,81,75,14.97,broken clouds
7,Riyadh,SA,24.6877,46.7219,59.14,55,3,7.45,clear sky
8,Dingle,PH,10.9995,122.6711,82.85,82,100,15.01,overcast clouds
9,Nacala,MZ,-14.5428,40.6728,79.9,77,83,7.85,broken clouds
10,Codrington,AU,-38.2667,141.9667,67.6,72,75,11.34,broken clouds
11,Tuktoyaktuk,CA,69.4541,-133.0374,-11.2,77,75,6.91,light snow
12,Aktau,KZ,43.65,51.2,45.18,83,77,10.4,broken clouds
13,Ancud,CL,-41.8697,-73.8203,56.73,96,9,4.36,clear sky
14,Ribeira Grande,PT,38.5167,-28.7,67.37,84,77,20.8,broken clouds
15,Cape Town,ZA,-33.9258,18.4232,64.11,62,0,14.97,clear sky
16,Barrow,US,71.2906,-156.7887,3.22,78,90,11.5,overcast clouds
17,Khatanga,RU,71.9667,102.5,-1.57,83,100,13.71,overcast clouds
18,Mataura,NZ,-46.1927,168.8643,63.54,46,100,6.73,overcast clouds
19,Bethel,US,41.3712,-73.414,34.05,58,1,4.61,clear sky
20,Nanakuli,US,21.3906,-158.1547,82.35,61,40,10.36,scattered clouds
21,Butaritari,KI,3.0707,172.7902,82.18,70,100,12.95,overcast clouds
22,Saint-Philippe,RE,-21.3585,55.7679,80.22,65,27,7.65,scattered clouds
23,Rikitea,PF,-23.1203,-134.9692,76.86,82,100,12.88,overcast clouds
24,Klaksvik,FO,62.2266,-6.589,41.92,63,38,30.04,scattered clouds
25,Pamekasan,ID,-7.1568,113.4746,82.22,74,100,0.36,moderate rain
26,Lakes Entrance,AU,-37.8811,147.981,81.57,64,86,4.16,overcast clouds
27,Bredasdorp,ZA,-34.5322,20.0403,57.27,85,99,4.79,overcast clouds
28,Vaini,TO,-21.2,-175.2,84.36,84,40,3.44,scattered clouds
29,Hithadhoo,MV,-0.6,73.0833,82.04,76,91,17.74,overcast clouds
30,Dikson,RU,73.5069,80.5464,5.83,92,100,10.42,overcast clouds
31,Mirabad,AF,30.4362,61.8383,59.74,28,5,9.08,clear sky
32,Tura,IN,25.5198,90.2201,71.33,47,0,0.87,clear sky
33,The Pas,CA,53.8251,-101.2541,5.02,72,90,19.57,overcast clouds
34,Victor Harbor,AU,-35.5667,138.6167,73.18,89,100,1.99,overcast clouds
35,Busselton,AU,-33.65,115.3333,73.8,41,2,6.2,clear sky
36,Batticaloa,LK,7.7102,81.6924,80.15,80,100,6.29,overcast clouds
37,Iberia,US,29.9502,-91.7507,52.05,81,1,5.75,clear sky
38,Kirakira,SB,-10.4544,161.9205,83.35,75,100,12.57,overcast clouds
39,Sungaipenuh,ID,-2.0833,101.3833,77.74,44,100,2.08,overcast clouds
40,Kaeo,NZ,-35.1,173.7833,71.33,73,61,5.75,broken clouds
41,Constantine,DZ,36.365,6.6147,44.01,75,40,2.3,scattered clouds
42,Hermanus,ZA,-34.4187,19.2345,62.91,81,100,8.68,overcast clouds
43,Khokhryaki,RU,56.9156,53.3221,16.05,89,99,3.0,overcast clouds
44,Baiyin,CN,36.5583,104.2081,36.48,27,0,3.98,clear sky
45,Emerald,AU,-23.5333,148.1667,89.74,48,75,11.5,light rain
46,Ous,RU,60.9058,61.5186,9.97,85,100,7.74,overcast clouds
47,Norrtalje,SE,59.758,18.705,41.85,84,51,10.02,broken clouds
48,Santa Cruz De Tenerife,ES,28.4682,-16.2546,73.69,84,0,1.99,clear sky
49,Kieta,PG,-6.2167,155.6333,85.39,69,90,5.08,overcast clouds
50,East London,ZA,-33.0153,27.9116,56.34,100,75,13.8,moderate rain
51,Te Anau,NZ,-45.4167,167.7167,68.18,39,97,2.86,overcast clouds
52,Akom,CM,2.6678,12.7109,66.58,96,62,2.04,broken clouds
53,Ulladulla,AU,-35.35,150.4667,76.1,71,100,10.09,light rain
54,Hobart,AU,-42.8794,147.3294,74.23,64,75,1.01,broken clouds
55,Port Alfred,ZA,-33.5906,26.891,61.14,76,86,13.27,moderate rain
56,Pevek,RU,69.7008,170.3133,-19.62,99,100,3.38,overcast clouds
57,Veraval,IN,20.9,70.3667,78.55,48,30,9.01,scattered clouds
58,Lagoa,PT,39.05,-27.9833,65.64,86,87,22.12,overcast clouds
59,Narsaq,GL,60.9167,-46.05,28.62,87,100,10.76,light snow
60,Rio Gallegos,AR,-51.6226,-69.2181,44.65,65,0,6.91,clear sky
61,Aldan,RU,58.6031,125.3894,-8.19,90,100,1.88,overcast clouds
62,Inta,RU,66.0317,60.1659,16.66,94,100,17.6,light snow
63,Mahebourg,MU,-20.4081,57.7,78.26,83,20,3.44,few clouds
64,Volchikha,RU,52.0333,80.3833,18.79,95,28,8.14,scattered clouds
65,Sola,VU,-13.8833,167.55,79.47,78,90,0.0,overcast clouds
66,Luanda,AO,-8.8368,13.2343,78.8,83,20,5.75,few clouds
67,Kahului,US,20.8947,-156.47,83.46,68,40,8.05,scattered clouds
68,Thinadhoo,MV,0.5333,72.9333,82.13,77,87,16.82,overcast clouds
69,Atuona,PF,-9.8,-139.0333,77.65,77,51,12.8,broken clouds
70,Puerto Ayora,EC,-0.7393,-90.3518,68.99,81,13,6.89,few clouds
71,Yellowknife,CA,62.456,-114.3525,-12.59,95,75,3.0,broken clouds
72,Ketchikan,US,55.3422,-131.6461,37.38,87,90,0.0,overcast clouds
73,Matagami,CA,49.7502,-77.6328,15.91,100,90,13.8,light snow
74,Kirra,GR,38.4333,22.45,58.78,88,77,6.13,broken clouds
75,Adrar,MR,20.5022,-10.0711,73.22,38,91,9.01,overcast clouds
76,Shache,CN,38.4167,77.2406,33.3,37,82,1.83,broken clouds
77,Yining,CN,29.0361,114.5636,57.81,38,0,0.92,clear sky
78,Ahuimanu,US,21.4447,-157.8378,82.11,64,75,4.61,broken clouds
79,Ponta Do Sol,PT,32.6667,-17.1,69.01,80,100,7.0,overcast clouds
80,Hilo,US,19.7297,-155.09,78.53,76,90,3.44,overcast clouds
81,Carnarvon,AU,-24.8667,113.6333,96.87,16,0,12.66,clear sky
82,New Norfolk,AU,-42.7826,147.0587,73.89,50,100,1.99,light rain
83,Dudinka,RU,69.4058,86.1778,14.47,83,100,14.85,overcast clouds
84,Luderitz,NA,-26.6481,15.1594,61.2,72,74,16.6,broken clouds
85,Qasigiannguit,GL,68.8193,-51.1922,26.85,74,100,28.9,light snow
86,Neyshabur,IR,36.2133,58.7958,46.69,69,0,1.21,clear sky
87,Perdoes,BR,-21.0908,-45.0914,66.58,65,64,3.62,broken clouds
88,Kropotkin,RU,45.4375,40.5756,38.3,96,100,5.5,overcast clouds
89,Kaitangata,NZ,-46.2817,169.8464,62.85,52,100,3.89,light rain
90,Punta Arenas,CL,-53.15,-70.9167,44.71,76,0,6.91,clear sky
91,Bambous Virieux,MU,-20.3428,57.7575,78.22,83,20,3.44,few clouds
92,Batemans Bay,AU,-35.7167,150.1833,75.99,65,100,10.16,light rain
93,Hualmay,PE,-11.0964,-77.6139,66.31,83,100,7.45,overcast clouds
94,Siilinjarvi,FI,63.0833,27.6667,32.02,93,90,10.36,snow
95,Egvekinot,RU,66.3167,-179.1667,-4.9,66,17,6.4,few clouds
96,Airai,TL,-8.9266,125.4092,76.32,55,51,1.99,broken clouds
97,Vila Franca Do Campo,PT,37.7167,-25.4333,68.2,90,100,18.81,overcast clouds
98,Tatawin,TN,32.9297,10.4518,56.28,70,100,0.92,overcast clouds
99,South Yuba City,US,39.1166,-121.6391,57.88,59,1,12.66,clear sky
100,Rawson,AR,-43.3002,-65.1023,70.34,43,46,25.48,scattered clouds
101,Lodja,CD,-3.4833,23.4333,68.47,99,97,2.17,light rain
102,Iqaluit,CA,63.7506,-68.5145,29.93,74,75,4.0,broken clouds
103,Esperance,AU,-33.8667,121.9,67.84,56,1,9.64,clear sky
104,Itaguai,BR,-22.8522,-43.7753,73.58,94,0,2.3,clear sky
105,Lavrentiya,RU,65.5833,-171.0,0.66,88,2,7.9,clear sky
106,Sur,OM,22.5667,59.5289,76.57,29,7,2.68,clear sky
107,Bathsheba,BB,13.2167,-59.5167,79.41,89,40,16.11,scattered clouds
108,Sao Jose Da Coroa Grande,BR,-8.8978,-35.1478,78.17,80,17,9.66,few clouds
109,Namatanai,PG,-3.6667,152.4333,85.66,68,53,11.5,light rain
110,Dalby,AU,-27.1833,151.2667,84.97,46,100,3.0,overcast clouds
111,Kavieng,PG,-2.5744,150.7967,84.94,72,99,15.68,light rain
112,Arraial Do Cabo,BR,-22.9661,-42.0278,71.65,89,50,8.16,scattered clouds
113,Kandi,BJ,11.1342,2.9386,75.49,24,40,4.07,scattered clouds
114,Tandil,AR,-37.3217,-59.1332,63.3,45,75,1.01,broken clouds
115,Bluff,NZ,-46.6,168.3333,57.92,70,100,13.51,overcast clouds
116,Quatre Cocos,MU,-20.2078,57.7625,78.1,73,20,9.31,few clouds
117,Tilichiki,RU,60.4667,166.1,2.28,91,95,8.86,overcast clouds
118,Hay River,CA,60.8156,-115.7999,-13.02,77,40,3.44,scattered clouds
119,Carutapera,BR,-1.195,-46.02,77.97,88,80,6.02,broken clouds
120,Komsomolskiy,UZ,40.4272,71.7189,41.72,48,100,2.3,overcast clouds
121,Derzhavinsk,KZ,51.1,66.3167,22.06,94,100,5.84,overcast clouds
122,Castro,BR,-24.7911,-50.0119,64.33,74,100,7.7,overcast clouds
123,Mazyr,BY,52.0495,29.2456,31.75,83,100,5.82,overcast clouds
124,Sistranda,NO,63.7256,8.834,41.9,96,100,3.83,light rain
125,Charters Towers,AU,-20.1,146.2667,97.2,28,81,17.0,broken clouds
126,Canto Do Buriti,BR,-8.11,-42.9444,75.02,78,89,4.0,overcast clouds
127,Rayachoti,IN,14.05,78.75,75.22,84,98,3.47,overcast clouds
128,San Policarpo,PH,12.1791,125.5072,82.09,84,100,12.86,light rain
129,Makokou,GA,0.5738,12.8642,68.11,99,62,1.21,light rain
130,Tasiilaq,GL,65.6145,-37.6368,24.96,64,100,3.6,overcast clouds
131,Padang,ID,-0.9492,100.3543,87.85,57,100,2.17,overcast clouds
132,Fairbanks,US,64.8378,-147.7164,-7.64,67,1,0.0,clear sky
133,Severo-Kurilsk,RU,50.6789,156.125,37.38,97,100,30.6,moderate rain
134,Qaanaaq,GL,77.484,-69.3632,-6.45,69,34,8.08,scattered clouds
135,Chokurdakh,RU,70.6333,147.9167,-22.23,98,100,4.18,overcast clouds
136,Provost,CA,52.3501,-110.2683,8.02,91,100,9.78,overcast clouds
137,Grindavik,IS,63.8424,-22.4338,34.27,69,75,33.38,broken clouds
138,Karoi,ZW,-16.8099,29.6925,66.47,75,67,3.15,broken clouds
139,Petropavlovsk-Kamchatskiy,RU,53.0452,158.6483,37.99,81,75,11.18,light intensity shower rain
140,Tual,ID,-5.6667,132.75,82.81,74,100,3.02,light rain
141,Dudhani,IN,17.3667,76.3667,78.39,74,13,12.5,few clouds
142,Cabo San Lucas,MX,22.8909,-109.9124,75.61,77,20,5.01,few clouds
143,Yablonovo,RU,50.8523,37.3574,21.06,74,11,3.38,few clouds
144,Faanui,PF,-16.4833,-151.75,81.32,69,53,3.44,broken clouds
145,Georgetown,MY,5.4112,100.3354,85.95,78,20,1.01,few clouds
146,Port Elizabeth,ZA,-33.918,25.5701,56.1,94,75,6.91,light rain
147,Kodiak,US,57.79,-152.4072,11.71,62,1,10.36,light snow
148,Jamestown,US,42.097,-79.2353,31.59,81,1,5.99,clear sky
149,Marquette,US,46.5333,-87.6335,34.36,53,100,17.07,overcast clouds
150,Leningradskiy,RU,69.3833,178.4167,-16.26,80,69,2.48,broken clouds
151,Hudson Bay,CA,52.85,-102.3842,13.91,86,82,9.66,broken clouds
152,Shaunavon,CA,49.6501,-108.4181,22.78,87,100,21.12,overcast clouds
153,Vershino-Darasunskiy,RU,52.35,115.5167,1.76,57,2,3.53,clear sky
154,Jinzhou,CN,41.1078,121.1417,35.33,43,3,0.96,clear sky
155,Lebu,CL,-37.6167,-73.65,54.86,91,3,13.49,clear sky
156,Tautira,PF,-17.7333,-149.15,84.22,72,51,6.06,broken clouds
157,Chuy,UY,-33.6971,-53.4616,53.15,77,0,4.99,light rain
158,Katsuura,JP,35.1333,140.3,60.91,59,3,23.91,clear sky
159,Camacha,PT,33.0833,-16.3333,65.53,68,75,17.27,broken clouds
160,Nagato,JP,34.3833,131.2,55.85,55,96,22.5,overcast clouds
161,San Rafael,AR,-34.6177,-68.3301,76.78,46,22,20.58,few clouds
162,Flinders,AU,-34.5833,150.8552,76.28,83,100,8.46,light rain
163,Kloulklubed,PW,7.0419,134.2556,86.5,76,70,15.68,broken clouds
164,Guarapari,BR,-20.6667,-40.4975,71.49,93,33,6.6,scattered clouds
165,Norman Wells,CA,65.282,-126.8329,-14.98,98,99,2.19,overcast clouds
166,Puerto Del Rosario,ES,28.5004,-13.8627,64.15,82,100,1.14,overcast clouds
167,Mangai,CD,-4.05,19.5333,68.95,99,99,0.65,overcast clouds
168,Saskylakh,RU,71.9167,114.0833,-18.29,90,49,12.03,scattered clouds
169,Rio Grande,BR,-32.035,-52.0986,60.44,69,0,6.78,clear sky
170,Porto Novo,BJ,6.4965,2.6036,82.22,86,10,5.86,clear sky
171,Hobyo,SO,5.3505,48.5268,79.03,78,89,4.03,light rain
172,Isangel,VU,-19.55,169.2667,80.71,83,90,5.75,moderate rain
173,Constitucion,CL,-35.3333,-72.4167,55.53,88,65,10.36,broken clouds
174,Cidreira,BR,-30.1811,-50.2056,64.31,68,0,7.7,clear sky
175,Mednogorskiy,RU,43.9178,41.1825,38.03,98,100,2.84,overcast clouds
176,Luhyny,UA,51.082,28.4006,33.19,96,100,6.35,overcast clouds
177,Clyde River,CA,70.4692,-68.5914,17.83,86,100,25.32,snow
178,Burns Lake,CA,54.2331,-125.7533,24.22,97,98,3.02,overcast clouds
179,Kapuskasing,CA,49.4169,-82.4331,24.8,86,75,12.66,broken clouds
180,Ninh Binh,VN,20.2539,105.975,67.06,46,51,9.44,broken clouds
181,Sibolga,ID,1.7427,98.7792,84.4,64,100,2.01,overcast clouds
182,Zhezkazgan,KZ,47.8043,67.7144,35.87,97,100,10.83,overcast clouds
183,Provideniya,RU,64.3833,-173.3,8.71,52,0,6.71,clear sky
184,Noumea,NC,-22.2763,166.4572,82.38,99,100,11.41,light rain
185,Treinta Y Tres,UY,-33.2333,-54.3833,50.11,87,0,5.95,clear sky
186,Wanning,CN,18.8003,110.3967,73.09,69,61,14.74,broken clouds
187,Warrnambool,AU,-38.3833,142.4833,66.36,74,68,10.42,light rain
188,Hasaki,JP,35.7333,140.8333,63.28,36,0,13.67,clear sky
189,Cedar City,US,37.6775,-113.0619,42.4,33,1,8.05,clear sky
190,Avarua,CK,-21.2078,-159.775,77.05,65,94,12.66,overcast clouds
191,Salinopolis,BR,-0.6136,-47.3561,79.56,85,91,9.64,overcast clouds
192,Hirara,JP,24.8,125.2833,70.07,60,75,11.5,broken clouds
193,Meulaboh,ID,4.1363,96.1285,80.74,81,100,5.03,overcast clouds
194,Sorland,NO,67.667,12.6934,35.13,68,100,27.02,light snow
195,Vila Velha,BR,-20.3297,-40.2925,71.55,93,0,1.01,clear sky
196,Karpathos,GR,35.507,27.2132,66.16,72,92,12.66,overcast clouds
197,Marsh Harbour,BS,26.5412,-77.0636,70.34,67,100,23.76,overcast clouds
198,Eureka,US,40.8021,-124.1637,52.63,74,30,8.01,scattered clouds
199,Leninskoye,KZ,41.7589,69.3864,44.53,54,97,3.42,overcast clouds
200,Khandbari,NP,27.3747,87.2039,61.65,65,29,1.57,scattered clouds
201,Nikolskoye,RU,59.7035,30.7861,31.87,87,100,13.35,snow
202,Koslan,RU,63.4564,48.8989,2.91,100,97,3.98,overcast clouds
203,Channel-Port Aux Basques,CA,47.5702,-59.1367,50.31,94,100,46.15,moderate rain
204,San Luis,AR,-33.295,-66.3356,72.95,46,27,19.46,scattered clouds
205,Kaduy,RU,59.2,37.15,19.38,86,98,7.7,overcast clouds
206,Hearst,CA,49.6835,-83.6665,28.65,83,98,12.53,overcast clouds
207,Warka,PL,51.7843,21.1909,42.98,87,88,8.01,overcast clouds
208,Saint George,US,37.1041,-113.5841,57.34,35,1,1.01,clear sky
209,Mount Isa,AU,-20.7333,139.5,83.97,42,75,5.75,broken clouds
210,Sakakah,SA,29.9697,40.2064,51.37,60,4,5.68,clear sky
211,Danshui,CN,22.7984,114.4672,68.94,35,0,6.2,clear sky
212,Sao Filipe,CV,14.8961,-24.4956,78.8,73,100,2.08,overcast clouds
213,Khuzdar,PK,27.7384,66.6434,61.02,30,0,4.07,clear sky
214,Susaki,JP,33.3667,133.2833,57.27,65,49,7.76,scattered clouds
215,Husavik,IS,66.0449,-17.3389,31.91,83,100,35.66,snow
216,Sechura,PE,-5.5569,-80.8222,65.97,82,40,11.59,scattered clouds
217,North Bend,US,43.4065,-124.2243,45.86,99,75,5.75,broken clouds
218,Edewecht,DE,53.1333,7.9833,44.29,98,100,6.58,overcast clouds
219,Homer,US,59.6425,-151.5483,17.49,69,90,6.91,overcast clouds
220,Zeya,RU,53.75,127.2667,21.11,47,100,8.34,overcast clouds
221,Marienburg,PL,54.0359,19.0266,42.89,84,100,12.55,overcast clouds
222,College,US,64.8569,-147.8028,-0.74,67,20,5.75,few clouds
223,Saldanha,ZA,-33.0117,17.9442,60.85,77,98,14.29,overcast clouds
224,Sudzha,RU,51.1976,35.2726,22.62,70,0,0.63,clear sky
225,Huron,US,41.1501,-82.5499,30.76,79,10,7.61,clear sky
226,Port Hardy,CA,50.6996,-127.4199,41.0,100,75,3.44,broken clouds
227,Cherskiy,RU,68.75,161.3,-33.36,100,37,4.54,scattered clouds
228,Mariana,BR,-20.3778,-43.4161,65.44,84,80,2.46,broken clouds
229,Haines Junction,CA,60.7522,-137.5108,-9.45,84,100,1.14,overcast clouds
230,Kamenka,RU,51.3223,42.7678,15.75,75,51,4.74,broken clouds
231,Lorengau,PG,-2.0226,147.2712,80.73,84,100,15.3,moderate rain
232,Luau,AO,-10.7073,22.2247,65.17,97,100,1.88,light rain
233,Faya,SA,18.3851,42.4509,52.32,33,69,6.73,broken clouds
234,Vao,NC,-22.6667,167.4833,75.52,73,100,8.14,overcast clouds
235,Pitanga,BR,-24.7572,-51.7614,66.81,65,98,3.87,overcast clouds
236,Neiafu,TO,-18.65,-173.9833,83.08,74,75,3.44,broken clouds
237,Santo Tomas,PH,14.1079,121.1414,86.58,63,83,11.07,broken clouds
238,Agbor,NG,6.2518,6.1934,73.06,98,98,2.59,overcast clouds
239,Lahat,ID,-3.8,103.5333,76.96,87,100,1.1,overcast clouds
240,Pacific Grove,US,36.6177,-121.9166,59.27,87,1,3.0,clear sky
241,Hambantota,LK,6.1241,81.1185,77.34,100,20,5.75,few clouds
242,San Cristobal,VE,7.7669,-72.225,68.18,94,70,1.41,broken clouds
243,Uhlove,UA,44.8215,33.6045,35.56,68,16,10.96,few clouds
244,Sukhodol,RU,53.9006,51.2117,-3.26,100,92,3.29,overcast clouds
245,Bereznik,RU,62.8551,42.7072,12.06,96,93,3.91,overcast clouds
246,Oussouye,SN,12.485,-16.5469,80.69,88,29,6.06,scattered clouds
247,Dawlatabad,AF,36.4141,64.9053,52.7,64,43,2.89,scattered clouds
248,Chadiza,ZM,-14.0678,32.4392,69.73,70,42,1.48,scattered clouds
249,Matamoros,MX,25.5333,-103.25,69.91,40,40,3.44,scattered clouds
250,Batagay-Alyta,RU,67.8006,130.4114,-26.43,90,7,4.61,clear sky
251,Bambanglipuro,ID,-7.95,110.2833,82.31,77,95,6.44,overcast clouds
252,Antofagasta,CL,-23.65,-70.4,60.08,73,58,1.74,broken clouds
253,Olga,RU,43.7444,135.2892,28.0,40,98,10.31,overcast clouds
254,Saint-Joseph,RE,-21.3667,55.6167,79.21,64,20,3.67,few clouds
255,Chapais,CA,49.7834,-74.8492,11.98,99,69,2.35,broken clouds
256,Seafield,GB,55.9667,-3.15,48.36,81,75,8.01,broken clouds
257,Broome,US,42.2506,-75.833,27.66,80,1,4.61,clear sky
258,Esmeraldas,BR,-19.7625,-44.3139,74.26,72,66,3.18,broken clouds
259,Oranjestad,AW,12.524,-70.027,80.55,78,20,10.36,few clouds
260,Brainerd,US,46.358,-94.2008,42.75,52,1,4.61,clear sky
261,Sitamau,IN,24.0167,75.35,70.54,53,7,3.89,clear sky
262,Port Lincoln,AU,-34.7333,135.8667,69.39,70,66,11.68,moderate rain
263,Torbay,CA,47.6666,-52.7314,44.28,97,90,33.38,light intensity drizzle
264,Neuquen,AR,-38.9516,-68.0591,67.89,60,0,3.44,clear sky
265,Gravdal,NO,68.1214,13.5031,32.07,70,93,23.33,overcast clouds
266,Arlit,NE,18.7369,7.3853,72.48,18,99,2.1,overcast clouds
267,Kayalpattinam,IN,8.5667,78.1167,79.11,94,90,2.3,moderate rain
268,Comodoro Rivadavia,AR,-45.8667,-67.5,69.66,23,0,17.27,clear sky
269,Kerchevskiy,RU,59.946,56.2884,16.92,96,100,5.5,overcast clouds
270,Samarai,PG,-10.6167,150.6667,84.99,72,9,12.39,clear sky
271,Raudeberg,NO,61.9875,5.1352,47.19,95,100,11.01,overcast clouds
272,Tezu,IN,27.9167,96.1667,72.14,53,73,2.35,broken clouds
273,Bastia,FR,42.6667,9.3333,56.3,80,75,1.99,broken clouds
274,Sioux Lookout,CA,50.1001,-91.917,28.78,93,75,0.0,broken clouds
275,Qaqortoq,GL,60.7167,-46.0333,28.9,75,100,10.74,overcast clouds
276,Baragaon,IN,25.4333,82.8167,58.98,77,3,0.0,mist
277,Busembatia,UG,0.7697,33.6131,62.69,89,43,2.55,scattered clouds
278,Sambava,MG,-14.2667,50.1667,75.42,75,41,3.11,scattered clouds
279,La Ronge,CA,55.1001,-105.2842,1.65,71,75,6.91,broken clouds
280,Olafsvik,IS,64.8945,-23.7142,33.1,66,49,17.27,scattered clouds
281,Altay,CN,47.8667,88.1167,31.86,91,100,3.44,light snow
282,Koregaon,IN,18.65,74.0833,79.14,69,39,4.68,scattered clouds
283,Lata,PT,40.1629,-8.3327,45.81,89,77,2.91,broken clouds
284,Linqu,CN,36.5156,118.5397,52.61,26,0,5.75,clear sky
285,Suoyarvi,RU,62.0833,32.35,30.4,96,100,13.09,snow
286,Requena,ES,39.4883,-1.1004,42.13,66,100,3.8,light rain
287,Chifeng,CN,42.2683,118.9636,30.29,38,31,9.15,scattered clouds
288,Chernyshevskiy,RU,63.0128,112.4714,-8.0,87,100,3.74,overcast clouds
289,Deputatskiy,RU,69.3,139.9,-23.75,95,100,4.05,overcast clouds
290,Sampit,ID,-2.5333,112.95,77.02,93,100,3.2,overcast clouds
291,Sitka,US,57.0531,-135.33,35.49,80,90,9.22,light rain
292,Debre Birhan,ET,9.6833,39.5333,43.21,86,29,3.36,scattered clouds
293,Umm Kaddadah,SD,13.6017,26.6876,65.28,22,1,12.77,clear sky
294,Skibbereen,IE,51.55,-9.2667,33.6,68,6,3.62,clear sky
295,Tyrma,RU,50.0833,132.1667,28.18,78,22,6.13,few clouds
296,Yerbogachen,RU,61.2767,108.0108,7.88,96,91,6.15,overcast clouds
297,Ostrovnoy,RU,68.0531,39.5131,29.73,69,100,18.48,light snow
298,Bubaque,GW,11.2833,-15.8333,82.08,79,100,7.74,overcast clouds
299,Faratsiho,MG,-19.4,46.95,62.11,85,34,0.83,scattered clouds
300,Kodinsk,RU,58.6881,99.1844,28.22,92,100,8.63,overcast clouds
301,Tiksi,RU,71.6872,128.8694,-20.58,98,43,7.2,scattered clouds
302,Kushiro,JP,42.975,144.3747,45.55,42,40,14.97,scattered clouds
303,Baruun-Urt,MN,46.6806,113.2792,12.13,74,25,3.29,scattered clouds
304,Saqqez,IR,36.2499,46.2735,36.66,84,6,4.16,clear sky
305,Maloy,NO,61.9353,5.1136,48.06,95,100,11.01,overcast clouds
306,Kaele,CM,10.1092,14.4508,76.05,26,4,7.63,clear sky
307,Itoman,JP,26.1247,127.6694,70.57,52,40,11.5,scattered clouds
308,Vidalia,US,32.2177,-82.4135,37.18,87,1,0.0,clear sky
309,Thompson,CA,55.7435,-97.8558,-7.44,71,20,9.22,few clouds
310,Nouadhibou,MR,20.931,-17.0347,73.38,68,100,13.8,overcast clouds
311,Atambua,ID,-9.1061,124.8925,85.75,60,21,3.47,few clouds
312,Candido De Abreu,BR,-24.5669,-51.3333,69.94,63,97,2.59,overcast clouds
313,Soe,ID,-9.8607,124.284,83.61,51,99,5.97,overcast clouds
314,Salalah,OM,17.0151,54.0924,80.69,29,0,11.5,clear sky
315,Little Current,CA,45.9793,-81.9248,37.45,68,61,12.88,broken clouds
316,Popondetta,PG,-8.7537,148.2534,90.3,55,34,7.45,scattered clouds
317,Cukai,MY,4.25,103.4167,78.94,69,100,2.93,overcast clouds
318,Victoria,HK,22.2855,114.1577,69.24,65,0,1.01,clear sky
319,Mehamn,NO,71.0357,27.8492,22.19,76,100,3.09,overcast clouds
320,Vanimo,PG,-2.6741,141.3028,80.24,81,97,5.03,overcast clouds
321,Ilulissat,GL,69.2167,-51.1,26.62,93,90,3.44,snow
322,Buchanan,LR,5.8808,-10.0467,77.61,88,15,4.56,light rain
323,Goderich,CA,43.7501,-81.7165,30.52,69,10,9.22,clear sky
324,Taltal,CL,-25.4,-70.4833,60.1,82,42,1.77,scattered clouds
325,Novosheshminsk,RU,55.0651,51.2338,6.04,97,55,5.99,broken clouds
326,Gat,IL,31.61,34.7642,62.4,66,100,2.8,overcast clouds
327,Gizo,SB,-8.103,156.8419,86.43,65,97,3.22,overcast clouds
328,Poum,NC,-20.2333,164.0167,78.89,78,100,5.77,overcast clouds
329,Acajutla,SV,13.5928,-89.8275,78.48,65,13,6.13,few clouds
330,Bandarbeyla,SO,9.4942,50.8122,81.23,53,92,15.01,overcast clouds
331,Klyuchi,RU,52.2667,79.1667,22.1,87,24,11.21,few clouds
332,Bengkulu,ID,-3.8004,102.2655,78.73,74,100,1.74,overcast clouds
333,Tecoanapa,MX,16.5167,-98.75,79.57,78,0,3.31,clear sky
334,Hofn,IS,64.2539,-15.2082,37.17,60,31,19.69,scattered clouds
335,Cap Malheureux,MU,-19.9842,57.6142,78.48,73,17,8.01,few clouds
336,Vestmannaeyjar,IS,63.4427,-20.2734,37.8,70,6,42.46,clear sky
337,Raga,SS,8.4596,25.678,67.44,30,20,4.03,few clouds
338,Kidal,ML,18.4411,1.4078,75.09,31,68,11.25,broken clouds
339,Freetown,SL,8.484,-13.2299,78.51,78,75,5.75,thunderstorm
340,Mount Pleasant,US,32.7941,-79.8626,35.58,84,1,0.0,clear sky
341,Geraldton,AU,-28.7667,114.6,91.81,14,0,12.66,clear sky
342,Kapoeta,SS,4.7717,33.5903,77.41,43,21,2.82,few clouds
343,Lujan,AR,-34.5703,-59.105,73.15,80,0,8.84,clear sky
344,Lakatoro,VU,-16.0999,167.4164,79.3,71,100,1.3,overcast clouds
345,San Giuseppe Jato,IT,37.9734,13.1881,55.96,87,81,5.57,broken clouds
346,Ndele,CF,8.4109,20.6473,69.48,35,2,4.14,clear sky
347,Gigmoto,PH,13.7796,124.39,82.89,81,99,13.04,overcast clouds
348,Bandar-E Anzali,IR,37.4727,49.4622,44.71,63,0,3.58,clear sky
349,Mareeba,AU,-17.0,145.4333,93.43,48,40,9.26,scattered clouds
350,Port Keats,AU,-14.25,129.55,92.98,52,100,10.31,overcast clouds
351,Avera,US,33.194,-82.5271,37.53,34,0,3.91,clear sky
352,Novyy Urengoy,RU,66.0833,76.6333,8.1,95,100,9.53,overcast clouds
353,Polyarnyy,RU,69.1989,33.4478,5.47,69,100,6.69,overcast clouds
354,Catuday,PH,16.2923,119.8062,83.35,65,46,7.49,scattered clouds
355,Westport,US,41.1415,-73.3579,35.35,56,1,1.99,clear sky
356,Muisne,EC,0.6,-80.0333,73.96,81,99,7.52,overcast clouds
357,Dioknisi,GE,41.6293,42.3917,44.29,70,64,3.33,light rain
358,Virden,US,39.5009,-89.7679,41.5,64,0,16.17,clear sky
359,Vestmanna,FO,62.1564,-7.1664,40.12,65,75,21.85,broken clouds
360,Iskele,TR,39.484,26.9278,53.69,87,75,14.97,light intensity shower rain
361,Fort Nelson,CA,58.8053,-122.7002,-2.61,92,90,0.0,light snow
362,Kitui,KE,-1.367,38.0106,63.45,88,57,1.5,broken clouds
363,Koltsovo,RU,54.9376,83.1825,25.99,88,100,14.2,overcast clouds
364,Richards Bay,ZA,-28.783,32.0377,65.84,68,100,13.67,overcast clouds
365,Xiongzhou,CN,25.1167,114.3,59.94,38,36,3.85,scattered clouds
366,Kununurra,AU,-15.7667,128.7333,93.18,52,58,6.91,broken clouds
367,Polis,CY,35.0367,32.4264,58.82,77,97,4.05,overcast clouds
368,Nguru,NG,12.8791,10.4526,74.82,21,6,9.73,clear sky
369,Altea,ES,38.5989,-0.0514,50.58,68,88,8.34,light rain
370,Souillac,MU,-20.5167,57.5167,78.37,83,20,3.44,few clouds
371,Jalu,LY,29.0331,21.5482,65.57,32,100,6.31,overcast clouds
372,Dindori,IN,22.95,81.0833,69.66,49,0,1.19,clear sky
373,Bomet,KE,-0.7813,35.3416,53.17,74,26,3.04,scattered clouds
374,Cruzeiro Do Sul,BR,-29.5128,-51.9853,65.52,76,2,3.27,clear sky
375,Skelleftea,SE,64.7507,20.9528,30.99,65,20,1.99,few clouds
376,Talaya,RU,61.3833,152.75,-15.68,98,84,0.6,broken clouds
377,Garango,BF,11.8,-0.5506,77.07,20,1,7.94,clear sky
378,Nome,US,64.5011,-165.4064,8.67,61,20,23.02,few clouds
379,Chillicothe,US,39.3331,-82.9824,30.88,70,1,4.61,clear sky
380,Kruisfontein,ZA,-34.0033,24.7314,53.89,78,67,3.91,broken clouds
381,Maldonado,UY,-34.6667,-54.9167,57.22,76,0,6.6,clear sky
382,Ahipara,NZ,-35.1667,173.1667,63.0,84,69,2.21,broken clouds
383,Garden City,US,42.3256,-83.331,35.55,69,20,1.99,few clouds
384,Labuhan,ID,-6.8844,112.2051,85.51,65,95,7.76,overcast clouds
385,Verkhnevilyuysk,RU,63.4453,120.3167,-16.74,91,8,3.29,clear sky
386,Syamzha,RU,60.0158,41.0614,19.92,96,100,5.99,overcast clouds
387,Macenta,GN,8.5435,-9.471,68.52,64,4,1.25,clear sky
388,Berlevag,NO,70.8578,29.0864,23.88,75,100,2.62,light snow
389,San Joaquin,US,37.9333,-121.3011,57.78,82,1,9.22,clear sky
390,Luwuk,ID,-0.9516,122.7875,86.23,73,91,3.24,moderate rain
391,Woodward,US,36.4337,-99.3904,63.63,37,1,26.46,clear sky
392,Rincon,US,32.296,-81.2354,44.46,80,20,0.0,few clouds
393,Caravelas,BR,-17.7125,-39.2481,69.98,92,7,3.6,clear sky
394,Angoche,MZ,-16.2325,39.9086,76.93,84,72,9.28,broken clouds
395,Jasper,US,37.2001,-94.3502,55.99,55,1,3.0,clear sky
396,Mandalgovi,MN,45.7625,106.2708,27.81,28,70,11.14,broken clouds
397,La Palma,US,33.8464,-118.0467,66.04,82,20,3.44,few clouds
398,Rocha,UY,-34.4833,-54.3333,47.35,86,0,6.4,clear sky
399,Kitimat,CA,54.0524,-128.6534,37.78,98,93,4.32,light rain
400,Nicoya,CR,10.1483,-85.452,71.15,81,66,6.22,broken clouds
401,Dawei,MM,14.0833,98.2,81.75,67,92,9.08,overcast clouds
402,Teruel,ES,40.6667,-0.6667,35.56,92,99,2.33,overcast clouds
403,Dharampur,IN,20.5333,73.1833,80.15,66,79,3.42,broken clouds
404,Touros,BR,-5.1989,-35.4608,77.9,79,96,10.92,overcast clouds
405,Onguday,RU,50.75,86.15,28.85,82,100,3.02,overcast clouds
406,Cassilandia,BR,-19.1133,-51.7342,74.05,82,55,2.01,light rain
407,Newport,GB,51.5877,-2.9984,47.44,85,99,3.24,overcast clouds
408,Myitkyina,MM,25.3833,97.4,72.46,57,3,2.98,clear sky
409,Harbour Breton,CA,47.4833,-55.7983,48.99,85,100,33.64,overcast clouds
410,Placer,US,39.0666,-120.7677,48.02,84,3,1.01,clear sky
411,Puksoozero,RU,62.5903,40.6066,17.28,93,100,5.97,overcast clouds
412,Namibe,AO,-15.1961,12.1522,68.83,72,3,5.68,clear sky
413,Raya,IN,27.5667,77.7833,64.72,33,0,4.09,clear sky
414,Arawa,PG,-6.2132,155.5367,86.36,67,96,4.72,overcast clouds
415,Pokosnoye,RU,55.5258,101.0536,20.17,84,89,5.64,overcast clouds
416,Emporia,US,38.4039,-96.1817,58.51,44,1,17.27,clear sky
417,Walvis Bay,NA,-22.9575,14.5053,56.35,94,12,8.05,few clouds
418,Upernavik,GL,72.7868,-56.1549,3.31,65,100,7.47,overcast clouds
419,Kuusamo,FI,65.9667,29.1833,19.44,93,20,4.61,light snow
420,Gazli,UZ,40.1333,63.45,48.65,41,13,6.17,few clouds
421,Beringovskiy,RU,63.05,179.3167,-7.67,89,10,5.68,clear sky
422,Morgan City,US,29.6994,-91.2068,48.99,100,1,0.0,clear sky
423,Wasilla,US,61.5814,-149.4394,11.73,67,40,0.0,scattered clouds
424,Tuatapere,NZ,-46.1333,167.6833,61.75,57,100,9.48,overcast clouds
425,Rundu,NA,-17.9333,19.7667,65.23,16,95,5.84,overcast clouds
426,Ondjiva,AO,-17.0667,15.7333,67.86,24,1,2.1,clear sky
427,Cuxhaven,DE,53.8718,8.6909,44.19,79,100,10.74,overcast clouds
428,San Pedro,PH,14.35,121.0167,87.35,73,75,9.22,broken clouds
429,Mount Gambier,AU,-37.8333,140.7667,71.51,60,40,11.5,scattered clouds
430,Sabya,SA,17.1495,42.6254,78.42,81,7,3.56,clear sky
431,Saint-Ambroise,CA,48.5501,-71.3324,25.57,86,62,7.85,broken clouds
432,Olinda,BR,-8.0089,-34.8553,82.13,74,40,5.75,scattered clouds
433,Tres Barras,BR,-26.1064,-50.3222,63.79,92,100,4.14,overcast clouds
434,Brae,GB,60.3964,-1.353,48.11,73,100,21.45,overcast clouds
435,Laguna,US,38.421,-121.4238,58.33,70,1,5.75,clear sky
436,Brigantine,US,39.4101,-74.3646,37.99,67,1,5.75,clear sky
437,Gorontalo,ID,0.5412,123.0595,85.37,77,98,1.23,overcast clouds
438,Acapulco,MX,16.8634,-99.8901,82.22,78,40,4.61,scattered clouds
439,Port Blair,IN,11.6667,92.75,86.04,79,40,14.97,scattered clouds
440,Mokrous,RU,51.2333,47.5167,17.98,78,15,6.35,few clouds
441,Umm Lajj,SA,25.0213,37.2685,75.09,37,0,5.82,clear sky
442,Guerrero Negro,MX,27.9769,-114.0611,65.32,80,100,12.3,overcast clouds
443,San Patricio,US,28.017,-97.5169,70.83,66,99,8.28,overcast clouds
444,Coquimbo,CL,-29.9533,-71.3436,58.73,88,90,5.75,overcast clouds
445,Krasnoselkup,RU,65.7,82.4667,14.58,95,100,8.48,overcast clouds
446,Yar-Sale,RU,66.8333,70.8333,8.11,95,99,8.28,overcast clouds
447,Aklavik,CA,68.2191,-135.0107,-13.97,99,100,3.58,overcast clouds
448,Batagay,RU,67.6333,134.6333,-35.9,99,40,0.85,scattered clouds
449,Zemio,CF,5.0314,25.1361,66.9,58,75,1.63,broken clouds
450,Vila,PT,42.0304,-8.1588,40.33,81,99,4.99,overcast clouds
451,Boueni,YT,-12.9025,45.0761,80.58,74,24,13.2,few clouds
452,Turinsk,RU,58.0458,63.696,15.33,88,100,6.93,overcast clouds
453,Bonavista,CA,48.6499,-53.1147,46.11,87,100,26.42,overcast clouds
454,Vanavara,RU,60.34,102.2797,19.22,88,99,9.19,overcast clouds
455,El Silencio,VE,10.5,-66.9167,68.85,78,40,4.61,scattered clouds
456,Greenville,US,35.6127,-77.3663,32.63,100,1,0.0,clear sky
457,Kingman,US,35.1894,-114.053,59.9,41,20,0.0,few clouds
458,Vaitape,PF,-16.5167,-151.75,81.34,69,54,3.47,broken clouds
459,Tabou,CI,4.423,-7.3528,78.58,87,14,7.56,few clouds
460,Karakol,KG,42.4907,78.3936,27.39,51,0,5.19,clear sky
461,Teya,RU,60.3778,92.6267,25.65,93,100,7.9,light snow
462,Karlskrona,SE,56.1616,15.5866,41.45,89,73,11.48,broken clouds
463,Praia,CV,14.9215,-23.5087,75.74,83,0,9.22,clear sky
464,Izvestkovyy,RU,48.9833,131.55,26.85,86,100,3.47,light snow
465,Nong Kung Si,TH,16.65,103.3,75.34,60,91,9.17,overcast clouds
466,Gazojak,TM,41.1875,61.4036,45.55,49,6,5.32,clear sky
467,Venice,US,27.0998,-82.4543,57.15,71,1,14.97,clear sky
468,Bereda,ES,43.2686,-7.5406,47.41,100,100,3.69,overcast clouds
469,Alice Springs,AU,-23.7,133.8833,72.95,56,9,11.5,clear sky
470,Hamilton,US,39.1834,-84.5333,34.93,69,1,0.0,clear sky
471,Kawambwa,ZM,-9.7915,29.0791,63.28,92,99,0.94,overcast clouds
472,Zamora,EC,-4.0692,-78.9567,69.12,98,100,2.46,light rain
473,Sisimiut,GL,66.9395,-53.6735,34.03,94,100,47.49,light rain
474,Havoysund,NO,70.9963,24.6622,23.88,78,90,8.93,overcast clouds
475,Claudio,BR,-20.4433,-44.7658,65.46,68,88,3.58,overcast clouds
476,Maracacume,BR,-2.0428,-45.9592,75.09,91,99,2.66,overcast clouds
477,Galesong,ID,-5.3166,119.3661,87.82,65,95,4.5,overcast clouds
478,Balaka,MW,-14.9793,34.9558,76.28,55,52,1.45,broken clouds
479,Eregli,TR,37.5133,34.0467,45.32,80,100,1.14,overcast clouds
480,Opuwo,NA,-18.0607,13.84,66.09,25,0,6.15,clear sky
481,Humberto De Campos,BR,-2.5983,-43.4611,76.6,89,97,3.49,overcast clouds
482,Amli,IN,20.2833,73.0167,80.4,67,65,4.41,broken clouds
483,Glenwood Springs,US,39.5505,-107.3248,48.0,65,90,10.36,overcast clouds
484,Swan Hill,AU,-35.3378,143.5544,70.79,76,100,7.99,overcast clouds
485,Atar,MR,20.5169,-13.0499,78.06,37,59,6.42,broken clouds
486,Okha,RU,53.5739,142.9478,34.16,74,16,14.41,few clouds
487,Vostok,RU,46.4856,135.8833,12.31,88,100,10.31,light snow
488,Surenavan,AM,39.75,44.8,29.01,54,47,2.68,scattered clouds
489,Partizanskoye,RU,55.5006,94.39,28.9,78,100,14.45,overcast clouds
490,Abis,PH,9.7173,122.9438,84.4,74,99,13.49,overcast clouds
491,Los Llanos De Aridane,ES,28.6585,-17.9182,64.15,83,0,5.01,clear sky
492,Ugoofaaru,MV,5.6667,73.0,81.39,71,100,15.28,overcast clouds
493,Shelburne,CA,44.0787,-80.2041,27.27,89,33,6.85,scattered clouds
494,Adelaide,AU,-34.9333,138.6,73.47,78,75,9.22,broken clouds
495,Kasongo-Lunda,CD,-6.4667,16.8167,68.0,98,69,1.3,light rain
496,Awjilah,LY,29.1081,21.2869,66.6,31,100,5.82,overcast clouds
497,Baghdad,IQ,33.3406,44.4009,49.91,76,0,4.61,clear sky
498,Razole,IN,16.4833,81.8333,82.69,78,18,6.6,few clouds
499,Whitehorse,CA,60.7161,-135.0538,7.57,84,40,11.01,scattered clouds
500,Lompoc,US,34.6391,-120.4579,57.11,87,1,6.91,clear sky
501,Caxito,AO,-8.5785,13.6643,79.45,87,100,2.3,overcast clouds
502,Florianopolis,BR,-27.6146,-48.5012,71.62,72,40,14.97,scattered clouds
503,Ternate,ID,0.8,127.4,85.14,69,86,4.5,overcast clouds
504,Havre-Saint-Pierre,CA,50.2334,-63.5986,28.76,80,90,16.11,overcast clouds
505,Sabinas,MX,27.85,-101.1167,62.96,59,100,12.77,overcast clouds
506,Bilibino,RU,68.0546,166.4372,-24.36,93,4,2.91,clear sky
507,Kalach-Na-Donu,RU,48.691,43.5264,27.72,85,93,8.16,overcast clouds
508,Mildura,AU,-34.2,142.15,84.07,47,40,8.05,moderate rain
509,Ust-Kulom,RU,61.6864,53.6902,14.31,94,100,7.49,overcast clouds
510,Altamira,BR,-3.2033,-52.2064,76.5,80,99,2.06,overcast clouds
511,Alugan,PH,12.2188,125.4808,81.79,85,100,12.33,moderate rain
512,Macia,MZ,-25.0269,33.0989,66.74,85,91,9.04,light rain
513,Corrente,BR,-3.7367,-43.3394,74.34,93,74,2.57,broken clouds
514,Sabzevar,IR,36.2126,57.6819,34.88,64,0,0.0,clear sky
515,Nhulunbuy,AU,-12.2333,136.7667,92.01,46,40,11.5,scattered clouds
516,Doctor Arroyo,MX,23.6667,-100.1833,56.84,77,32,7.18,scattered clouds
517,Marzuq,YE,14.4,46.4667,63.19,27,26,3.38,scattered clouds
518,Harrison,US,30.4091,-89.0436,46.47,85,1,0.0,clear sky
519,Novooleksiyivka,UA,46.2269,34.6428,32.29,60,54,7.56,broken clouds
520,Mankono,CI,8.0586,-6.1897,72.95,66,0,3.49,clear sky
521,Ubinskoye,RU,55.3068,79.6802,19.87,91,100,15.41,overcast clouds
522,Paveh,IR,35.0434,46.3565,38.03,82,0,1.57,clear sky
523,Formosa,AR,-26.1775,-58.1781,75.18,88,0,5.75,clear sky
524,San Lawrenz,MT,36.0553,14.204,53.01,68,67,8.57,broken clouds
525,Kassala,SD,15.451,36.4,71.71,69,26,6.51,scattered clouds
526,Kysyl-Syr,RU,63.8986,122.7617,-19.43,94,6,3.62,clear sky
527,Grand-Lahou,CI,5.1367,-5.0242,78.67,85,10,6.44,clear sky
528,Cayenne,GF,4.9333,-52.3333,81.09,84,20,3.0,few clouds
529,Ucluelet,CA,48.9329,-125.5528,43.09,85,46,1.01,scattered clouds
530,Oranjemund,NA,-28.55,16.4333,59.22,94,98,9.08,overcast clouds
531,Esso,RU,55.9333,158.7,27.28,96,100,5.68,overcast clouds
532,Dunedin,NZ,-45.8742,170.5036,59.45,66,100,7.65,moderate rain
533,Calabasas,US,34.1578,-118.6384,62.65,46,1,1.99,clear sky
534,Zyryanka,RU,65.75,150.85,-18.17,93,99,5.39,overcast clouds
535,Axim,GH,4.8699,-2.2405,78.19,83,15,6.15,few clouds
536,Coihaique,CL,-45.5752,-72.0662,55.35,67,90,4.61,overcast clouds
537,Maragogi,BR,-9.0122,-35.2225,78.01,80,18,9.1,few clouds
538,Salihorsk,BY,52.7876,27.5415,28.36,97,100,6.6,overcast clouds
539,Watrous,CA,51.6668,-105.4679,17.38,73,100,21.85,overcast clouds
540,Champerico,GT,14.3,-91.9167,78.35,76,8,2.06,clear sky
541,Nyurba,RU,63.2842,118.3319,-15.05,92,13,3.29,few clouds
542,Nanortalik,GL,60.1432,-45.2371,35.89,90,100,13.22,overcast clouds
543,Along,IN,28.1667,94.7667,67.77,59,61,0.67,broken clouds
544,Carballo,ES,43.213,-8.691,52.02,82,78,10.25,broken clouds
545,Takoradi,GH,4.8845,-1.7554,79.11,82,12,6.76,few clouds
546,Tazmalt,DZ,36.3868,4.3989,56.21,59,100,3.56,overcast clouds
547,Itarema,BR,-2.9248,-39.9167,80.15,80,79,13.51,broken clouds
548,Tanga,TZ,-5.0667,39.1,76.26,90,85,5.77,overcast clouds
549,Lima,PE,-12.0432,-77.0282,65.89,81,0,13.8,clear sky
550,Huarmey,PE,-10.0681,-78.1522,67.06,82,100,8.03,overcast clouds
551,Nuuk,GL,64.1835,-51.7216,34.41,100,75,57.53,light snow
552,Fort Saint James,CA,54.4333,-124.25,24.82,96,84,2.84,broken clouds
553,Guatire,VE,10.4762,-66.5427,75.7,97,69,1.25,broken clouds
554,Seoul,KR,37.5683,126.9778,47.64,53,0,8.05,clear sky
555,Wembley,AU,-31.9333,115.8,83.16,32,0,9.22,clear sky
556,Xuddur,SO,4.1213,43.8894,67.96,82,52,6.02,broken clouds
557,Antalaha,MG,-14.9003,50.2788,72.95,78,19,2.64,few clouds
558,Asfi,MA,32.2994,-9.2372,60.66,63,48,6.04,scattered clouds
559,Manaure,CO,11.7751,-72.4445,79.81,78,100,3.51,overcast clouds
560,Jinchang,CN,38.4953,102.1739,41.74,15,0,3.49,clear sky
561,Benguela,AO,-12.5763,13.4055,75.79,86,100,2.62,overcast clouds
562,Rey Bouba,CM,8.6724,14.1786,72.79,34,5,1.45,clear sky
563,Zalari,RU,53.5584,102.5065,16.72,92,50,6.31,scattered clouds
564,Noyabrsk,RU,63.1994,75.4507,6.75,95,99,8.95,overcast clouds
565,Prescott,US,34.54,-112.4685,52.9,81,90,3.0,overcast clouds
566,Laizhou,CN,37.1717,119.9214,48.22,30,0,7.2,clear sky
567,Reyes,BO,-14.3167,-67.3833,76.35,84,74,3.09,broken clouds
568,Beira,MZ,-19.8436,34.8389,78.89,89,75,3.44,light rain
569,Itupiranga,BR,-5.1347,-49.3267,75.47,85,53,3.13,broken clouds
570,Mahon,ES,39.8885,4.2658,54.16,94,75,6.91,moderate rain
571,Veinte De Noviembre,MX,14.9833,-92.25,74.89,89,7,5.79,clear sky
572,Kavaratti,IN,10.5669,72.642,80.28,81,100,11.86,overcast clouds
573,Mayya,RU,61.7333,130.2811,-15.48,89,100,1.7,overcast clouds
574,Dobryanka,RU,58.4619,56.4165,17.46,94,100,6.76,overcast clouds
575,Gilgit,PK,35.9221,74.3087,45.41,35,92,2.53,overcast clouds
576,Maracaibo,VE,10.6317,-71.6406,77.05,89,100,6.58,overcast clouds
577,Evensk,RU,61.95,159.2333,10.51,72,97,9.53,overcast clouds
578,Grand Gaube,MU,-20.0064,57.6608,78.39,73,17,8.01,few clouds
579,Marevo,RU,57.3146,32.0804,28.51,89,100,9.91,overcast clouds
580,Filadelfia,US,39.9523,-75.1638,34.99,65,1,1.01,clear sky
581,Barao De Melgaco,BR,-16.1944,-55.9675,82.92,91,100,4.0,overcast clouds
582,Naryan-Mar,RU,67.6713,53.087,14.41,96,100,8.08,overcast clouds
583,Orange Cove,US,36.6244,-119.3137,56.84,39,85,3.06,overcast clouds
584,Fergus Falls,US,46.283,-96.0776,39.27,76,1,4.61,clear sky
585,Moose Factory,CA,51.2585,-80.6094,23.0,86,90,12.66,overcast clouds
586,Lampazos De Naranjo,MX,27.0167,-100.5167,63.7,60,99,8.25,overcast clouds
587,Toktogul,KG,41.8708,72.9402,37.78,52,52,3.74,broken clouds
588,Waipawa,NZ,-41.4122,175.5153,64.02,53,4,8.16,clear sky
589,Pergamino,AR,-33.89,-60.5736,60.19,28,0,8.52,clear sky
590,Dicabisagan,PH,17.0818,122.4157,77.94,90,94,6.58,moderate rain
591,Impfondo,CG,1.6381,18.0667,70.21,89,3,2.01,clear sky
592,Manta,EC,-0.95,-80.7333,73.18,83,90,10.36,overcast clouds
593,Santa Marta,CO,11.2408,-74.199,80.65,83,75,4.61,broken clouds
594,Port-Gentil,GA,-0.7193,8.7815,78.19,81,100,5.59,light rain
595,Mpophomeni,ZA,-29.5682,30.1862,51.3,98,100,2.08,overcast clouds
596,Bras-Panon,RE,-20.9967,55.6782,80.28,67,66,0.96,broken clouds
597,Kalmunai,LK,7.4167,81.8167,80.89,79,99,8.19,overcast clouds
598,Klaeng,TH,12.7797,101.6483,83.95,70,100,9.26,overcast clouds
599,Praia Da Vitoria,PT,38.7333,-27.0667,66.76,88,75,22.44,broken clouds
600,Sabang,ID,5.8933,95.3214,81.52,77,98,4.25,overcast clouds
601,Srednekolymsk,RU,67.45,153.6833,-14.17,93,100,0.96,overcast clouds
602,Sao Joao Da Barra,BR,-21.6403,-41.0511,71.67,90,6,7.96,clear sky
603,Uga,NG,5.9358,7.0793,72.28,94,97,3.4,overcast clouds
604,Wagar,SD,16.1525,36.2032,70.09,71,2,8.16,clear sky
605,Saint-Paul,RE,-21.0096,55.2707,80.74,76,54,6.02,broken clouds
606,Zlobin,HR,45.2924,14.6541,35.15,67,7,9.13,clear sky
607,Fairview Heights,US,38.5889,-89.9904,44.8,57,1,9.22,clear sky
608,Pereslavl-Zalesskiy,RU,56.7393,38.8563,17.26,79,13,8.52,few clouds
609,Liverpool,GB,53.4106,-2.9779,48.15,85,90,1.01,overcast clouds
610,Nehe,CN,48.4833,124.8333,18.66,71,100,14.67,overcast clouds
611,Isla Vista,US,34.4133,-119.861,62.83,71,1,0.0,clear sky
612,Oum Hadjer,TD,13.2954,19.6966,72.0,20,100,8.57,overcast clouds
613,Merauke,ID,-8.4667,140.3333,90.55,44,30,3.91,scattered clouds
614,Inirida,CO,3.8653,-67.9239,73.58,97,89,0.72,overcast clouds
615,Tornio,FI,65.8481,24.1466,26.62,85,91,14.94,overcast clouds
616,Roald,NO,62.5833,6.1333,48.34,87,90,19.57,light intensity drizzle
617,Conakry,GN,9.538,-13.6773,77.36,80,19,10.58,few clouds
618,Bosaso,SO,11.2842,49.1816,77.05,72,100,1.23,overcast clouds
619,Alyangula,AU,-13.8483,136.4192,94.87,34,93,10.36,overcast clouds
620,Karratha,AU,-20.7377,116.8463,91.99,28,100,22.57,overcast clouds
621,Santa Maria Da Vitoria,BR,-13.3947,-44.1886,69.37,94,98,2.26,overcast clouds
622,Berbera,SO,10.4396,45.0143,76.37,63,9,4.47,clear sky
623,Tocopilla,CL,-22.092,-70.1979,63.81,66,41,0.74,scattered clouds
624,Kurchum,KZ,48.5722,83.6542,31.71,99,100,8.41,snow
625,Sobolevo,RU,54.4299,31.8996,23.86,94,93,11.14,overcast clouds
626,Inhambane,MZ,-23.865,35.3833,71.58,83,40,10.36,scattered clouds
627,Yumen,CN,40.2833,97.2,37.36,17,0,8.63,clear sky
628,Souris,CA,49.6172,-100.2612,30.06,90,100,7.43,overcast clouds
629,Acarau,BR,-2.8856,-40.12,80.24,80,86,14.07,overcast clouds
630,Asau,RO,46.4333,26.4,38.39,89,99,0.87,overcast clouds
631,Yashan,CN,22.1975,109.9419,64.33,50,1,7.18,clear sky
632,Saint-Pierre,RE,-21.3393,55.4781,80.29,64,0,3.44,clear sky
633,Ballina,AU,-28.8667,153.5667,77.04,85,90,17.27,light rain
634,Auki,SB,-8.7676,160.7034,84.56,69,77,4.72,broken clouds
635,Chippewa Falls,US,44.9369,-91.3929,41.97,54,1,8.05,clear sky
636,Lock Haven,US,41.137,-77.4469,33.53,82,5,3.49,clear sky
637,Coahuayana,MX,18.7333,-103.6833,80.08,91,37,2.17,scattered clouds
638,Motegi,JP,36.5167,140.1833,62.06,35,13,13.71,few clouds
639,Mutoko,ZW,-17.397,32.2268,66.09,77,100,2.89,overcast clouds
640,Buraydah,SA,26.326,43.975,55.85,56,0,8.37,clear sky
641,Panna,IN,24.7167,80.2,58.51,29,23,3.24,few clouds
642,Port Hedland,AU,-20.3167,118.5667,96.85,17,97,14.97,overcast clouds
643,Vardo,NO,70.3705,31.1107,27.9,80,100,9.89,light snow
644,Mangrol,IN,21.1167,70.1167,77.83,48,59,8.93,broken clouds
645,Balkanabat,TM,39.5108,54.3671,52.3,56,0,5.75,clear sky
646,Villa Carlos Paz,AR,-31.4241,-64.4978,71.38,68,2,1.01,clear sky
647,Balakhta,RU,55.38,91.6,24.64,85,100,8.52,overcast clouds
648,Mahibadhoo,MV,3.7833,72.9667,81.66,70,99,16.46,overcast clouds
649,Brazzaville,CG,-4.2658,15.2832,75.56,88,20,6.91,light rain
650,Jvari,GE,42.7169,42.052,44.85,86,100,2.15,moderate rain
651,Corinto,GR,37.9407,22.9573,58.68,91,64,5.03,broken clouds
652,Pandamatenga,BW,-18.5278,25.627,69.51,60,61,5.12,broken clouds
653,Chiradzulu,MW,-15.6746,35.1407,71.22,61,80,1.07,broken clouds
654,Xining,CN,36.6167,101.7667,33.19,22,0,2.39,clear sky
655,Mayo,US,38.8876,-76.5119,37.96,57,1,1.99,clear sky
656,Saquarema,BR,-22.92,-42.5103,69.55,88,96,4.12,overcast clouds
657,Wilmington,US,34.2257,-77.9447,37.85,80,1,0.0,clear sky
658,Campbellton,CA,48.0075,-66.6727,28.85,79,94,11.25,overcast clouds
659,Coromandel,BR,-18.4733,-47.2003,72.23,60,96,3.11,overcast clouds
660,Waddan,LY,29.1614,16.139,66.07,50,95,6.73,overcast clouds
661,Shar,KZ,49.5886,81.0453,31.08,97,100,0.74,overcast clouds
662,Port Moresby,PG,-9.4431,147.1797,89.02,66,40,11.5,haze
663,Portland,US,45.5234,-122.6762,45.25,92,40,0.0,scattered clouds
664,Winton,US,37.3894,-120.6133,59.34,88,1,8.05,mist
665,Ouesso,CG,1.6136,16.0517,70.52,94,22,0.51,few clouds
666,San Quintin,MX,30.4833,-115.95,62.19,84,8,5.44,clear sky
667,Kaoma,ZM,-14.7833,24.8,64.47,90,100,4.03,overcast clouds
668,Kendari,ID,-3.945,122.4989,90.59,53,76,3.85,broken clouds
669,Zima,RU,53.9202,102.0442,16.18,92,66,7.61,broken clouds
670,Aberdeen,GB,57.1437,-2.0981,47.5,93,100,11.5,overcast clouds
671,Bonthe,SL,7.5264,-12.505,79.03,81,20,3.49,few clouds
672,Australind,AU,-33.2667,115.7167,75.52,39,1,8.23,clear sky
673,Cody,US,44.5263,-109.0565,39.92,50,1,4.61,clear sky
674,Brookings,US,44.3114,-96.7984,50.41,55,1,9.22,clear sky
675,Inyonga,TZ,-6.7167,32.0667,65.46,79,49,0.83,light rain
676,Samarkand,UZ,39.6542,66.9597,47.62,66,90,4.61,overcast clouds
677,Nemuro,JP,43.3236,145.575,43.23,55,57,18.79,broken clouds
678,Hovd,MN,48.0056,91.6419,29.52,51,100,6.69,overcast clouds
679,Kumasi,GH,6.6885,-1.6244,71.13,98,22,3.31,few clouds
680,Mao,ES,39.8885,4.2658,54.16,94,75,6.91,moderate rain
681,Wabana,CA,47.6332,-52.9481,44.08,97,90,33.38,light intensity drizzle
682,Esfarayen,IR,37.0765,57.5101,28.06,68,7,3.06,clear sky
683,Tazovskiy,RU,67.4667,78.7,2.3,96,93,10.33,overcast clouds
684,Progreso,MX,21.2833,-89.6667,73.51,65,0,11.27,clear sky
685,Swan River,CA,52.1058,-101.2676,21.09,86,100,14.97,overcast clouds
686,Marawi,PH,7.9986,124.2928,75.65,64,90,4.76,overcast clouds
687,Ulaanbaatar,MN,47.9077,106.8832,12.33,67,6,2.24,clear sky
688,Aykhal,RU,66.0,111.5,-11.51,93,100,8.72,overcast clouds
689,Kamennomostskiy,RU,44.2983,40.1856,35.87,100,100,2.75,overcast clouds
690,Veseloyarsk,RU,51.2836,81.1056,23.47,92,98,8.57,overcast clouds
691,Pisco,PE,-13.7,-76.2167,62.65,88,0,6.91,clear sky
692,Goure,NE,13.9835,10.2704,77.02,18,1,8.52,clear sky
693,Vagamo,NO,61.8751,9.0967,31.5,94,86,3.69,overcast clouds
694,Petauke,ZM,-14.2426,31.3253,70.66,79,77,3.42,light rain
695,Shakiso,ET,5.75,38.9167,54.09,68,22,3.38,few clouds
696,Murgab,TM,37.4966,61.9714,44.47,65,0,4.61,clear sky
697,Zhigansk,RU,66.7697,123.3711,-35.66,100,44,1.79,scattered clouds
698,Wasseiges,BE,50.6237,5.0062,42.31,89,7,2.91,clear sky
699,Priargunsk,RU,50.3691,119.1012,8.08,59,47,5.97,scattered clouds
700,Ntchisi,MW,-13.5278,33.9149,70.05,41,93,1.43,overcast clouds
701,Sinnamary,GF,5.3833,-52.95,79.05,87,88,8.97,overcast clouds
702,Izhma,RU,65.0083,53.9113,10.99,88,99,7.36,overcast clouds
703,Dire,ML,12.2833,-10.9667,72.01,32,98,2.53,overcast clouds
704,Fevik,NO,58.3794,8.6766,46.17,73,100,17.54,overcast clouds
705,Talnakh,RU,69.4865,88.3972,7.92,93,98,9.62,overcast clouds
706,Kumluca,TR,36.3703,30.2869,58.68,75,40,1.83,scattered clouds
707,Donskoye,RU,45.4552,41.9741,33.93,99,100,7.25,snow
708,Desaguadero,PE,-16.5656,-69.0417,49.78,73,91,10.8,overcast clouds
709,Chibuto,MZ,-24.6867,33.5306,68.94,79,100,9.51,overcast clouds
710,Solnechnyy,RU,50.7214,136.6319,15.17,89,78,1.79,broken clouds
711,Brockville,CA,44.5834,-75.6826,23.43,77,0,3.22,clear sky
712,Barra Do Garcas,BR,-15.89,-52.2567,73.81,92,100,0.2,overcast clouds
713,Aguada De Pasajeros,CU,22.385,-80.8508,62.74,76,15,7.09,few clouds
714,Ekibastuz,KZ,51.6667,75.3667,23.38,78,96,14.05,overcast clouds
715,Livani,LV,56.3543,26.1758,31.62,94,97,9.28,overcast clouds
716,Shellbrook,CA,53.2168,-106.4011,7.83,93,80,10.74,broken clouds
